{
  "sharpe_ratio": 0,
  "max_drawdown": 0.0,
  "expected_return": 0.0,
  "signals": {
    "position": "NEUTRAL",
    "entry_price": 239.69000244140625,
    "target_price": 251.67450256347658,
    "stop_loss": 227.70550231933592,
    "position_size": 0.5
  }
}