{
  "sharpe_ratio": 0,
  "max_drawdown": 0.0,
  "expected_return": 0.0,
  "signals": {
    "position": "NEUTRAL",
    "entry_price": 61.869998931884766,
    "target_price": 64.963498878479,
    "stop_loss": 58.77649898529052,
    "position_size": 0.5
  }
}