{
  "sharpe_ratio": 0,
  "max_drawdown": 0.0,
  "expected_return": 0.0,
  "signals": {
    "position": "NEUTRAL",
    "entry_price": 3613.199951171875,
    "target_price": 3793.859948730469,
    "stop_loss": 3432.539953613281,
    "position_size": 0.5
  }
}