{
  "sharpe_ratio": 0,
  "max_drawdown": 0.0,
  "expected_return": 0.0,
  "signals": {
    "position": "NEUTRAL",
    "entry_price": 167.02000427246094,
    "target_price": 175.371004486084,
    "stop_loss": 158.66900405883788,
    "position_size": 0.5
  }
}