{
  "sharpe_ratio": 0,
  "max_drawdown": 0.0,
  "expected_return": 0.0,
  "signals": {
    "position": "NEUTRAL",
    "entry_price": 576.0599975585938,
    "target_price": 604.8629974365234,
    "stop_loss": 547.2569976806641,
    "position_size": 0.5
  }
}