{
  "sharpe_ratio": 0,
  "max_drawdown": 0.0,
  "expected_return": 0.0,
  "signals": {
    "position": "NEUTRAL",
    "entry_price": 647.239990234375,
    "target_price": 679.6019897460938,
    "stop_loss": 614.8779907226562,
    "position_size": 0.5
  }
}