{
  "overall_score": -0.4306580225626628,
  "bullish_ratio": 0.3333333333333333
}