{
  "overall_score": -0.19566750526428223,
  "bullish_ratio": 0.3333333333333333
}