{
  "overall_score": -0.32430994510650635,
  "bullish_ratio": 0.3333333333333333
}