{
  "overall_score": -0.2638002435366313,
  "bullish_ratio": 0.3333333333333333
}