{
  "overall_score": 0.05410019556681315,
  "bullish_ratio": 0.6666666666666666
}